,weight_kg,height_in,Gender,Weight_lbs
0,65.7,61,Female,144.8685
1,53.4,64,Female,117.747
2,66.3,68,Female,146.1915
3,78.2,66,Female,172.431
4,88.6,63,Female,195.363
5,83.7,67,Female,184.5585
6,73.2,65,Female,161.406
7,76.0,66,Female,167.58
8,54.5,59,Female,120.1725
9,68.4,63,Female,150.82200000000003
10,99.0,69,Female,218.29500000000002
11,74.2,66,Female,163.61100000000002
12,78.1,65,Female,172.2105
13,71.8,66,Female,158.319
14,70.9,64,Female,156.33450000000002
15,67.2,66,Female,148.17600000000002
16,62.0,65,Female,136.71
17,59.5,67,Female,131.1975
18,74.1,66,Female,163.3905
19,60.5,64,Female,133.4025
20,80.0,60,Female,176.4
21,74.7,66,Female,164.7135
22,49.1,64,Female,108.2655
23,70.3,66,Female,155.0115
24,71.5,65,Female,157.6575
25,70.8,63,Female,156.114
26,48.8,56,Female,107.604
27,69.1,64,Female,152.3655
28,73.0,67,Female,160.965
29,61.0,64,Female,134.505
30,65.8,63,Female,145.089
31,70.9,66,Female,156.33450000000002
32,72.8,69,Female,160.524
33,84.6,66,Female,186.543
34,94.5,66,Female,208.3725
35,62.7,65,Female,138.2535
36,57.8,67,Female,127.449
37,52.4,61,Female,115.542
38,73.2,64,Female,161.406
39,79.1,63,Female,174.41549999999998
40,89.4,65,Female,197.127
41,68.9,67,Female,151.92450000000002
42,75.8,65,Female,167.139
43,73.1,64,Female,161.1855
44,74.8,63,Female,164.934
45,80.6,66,Female,177.72299999999998
46,71.4,65,Female,157.437
47,71.2,64,Female,156.996
48,65.7,68,Female,144.8685
49,47.7,63,Female,105.17850000000001
50,69.6,67,Female,153.468
51,119.6,80,Female,263.718
52,88.7,68,Female,195.58350000000002
53,75.4,64,Female,166.257
54,67.8,62,Female,149.499
55,60.7,61,Female,133.8435
56,57.2,65,Female,126.126
57,68.9,63,Female,151.92450000000002
58,71.2,65,Female,156.996
59,60.4,64,Female,133.182
60,69.7,70,Female,153.6885
61,85.4,66,Female,188.30700000000002
62,61.7,65,Female,136.04850000000002
63,79.0,64,Female,174.195
64,67.2,66,Female,148.17600000000002
65,69.5,66,Female,153.2475
66,66.9,63,Female,147.51450000000003
67,57.4,63,Female,126.56700000000001
68,81.5,66,Female,179.7075
69,61.8,64,Female,136.269
70,64.5,61,Female,142.2225
71,55.7,62,Female,122.81850000000001
72,61.4,64,Female,135.387
73,66.8,67,Female,147.294
74,73.0,61,Female,160.965
75,73.7,69,Female,162.5085
76,69.3,62,Female,152.8065
77,75.7,66,Female,166.91850000000002
78,74.0,63,Female,163.17000000000002
79,68.2,66,Female,150.381
80,86.7,68,Female,191.17350000000002
81,88.2,73,Female,194.48100000000002
82,78.6,65,Female,173.313
83,62.2,67,Female,137.151
84,78.2,67,Female,172.431
85,60.8,61,Female,134.064
86,67.4,63,Female,148.61700000000002
87,68.6,65,Female,151.263
88,67.0,66,Female,147.735
89,63.5,61,Female,140.0175
90,77.3,63,Female,170.4465
91,55.5,65,Female,122.3775
92,72.7,65,Female,160.3035
93,59.3,66,Female,130.7565
94,99.8,69,Female,220.059
95,58.1,60,Female,128.1105
96,64.2,60,Female,141.561
97,75.8,65,Female,167.139
98,68.3,64,Female,150.6015
99,47.1,62,Female,103.8555
100,66.5,65,Female,146.6325
101,68.5,66,Female,151.04250000000002
102,57.9,64,Female,127.6695
103,64.7,63,Female,142.6635
104,59.1,68,Female,130.31550000000001
105,45.0,59,Female,99.22500000000001
106,57.2,60,Female,126.126
107,72.1,63,Female,158.9805
108,67.6,65,Female,149.058
109,71.1,63,Female,156.7755
110,79.1,69,Female,174.41549999999998
111,53.6,62,Female,118.188
112,63.9,64,Female,140.8995
113,62.8,64,Female,138.474
114,78.8,66,Female,173.754
115,59.8,64,Female,131.859
116,75.2,62,Female,165.816
117,68.6,63,Female,151.263
118,66.8,65,Female,147.294
119,61.3,64,Female,135.16649999999998
120,74.2,70,Female,163.61100000000002
121,52.2,60,Female,115.10100000000001
122,76.7,69,Female,169.1235
123,66.1,65,Female,145.7505
124,50.5,59,Female,111.3525
125,63.7,62,Female,140.45850000000002
126,66.6,65,Female,146.85299999999998
127,61.0,66,Female,134.505
128,58.1,60,Female,128.1105
129,60.9,64,Female,134.2845
130,57.5,63,Female,126.78750000000001
131,79.7,66,Female,175.73850000000002
132,74.5,61,Female,164.2725
133,61.4,65,Female,135.387
134,67.7,60,Female,149.2785
135,50.8,63,Female,112.014
136,63.3,64,Female,139.5765
137,71.1,65,Female,156.7755
138,72.7,68,Female,160.3035
139,67.9,66,Female,149.7195
140,83.3,65,Female,183.6765
141,62.2,64,Female,137.151
142,61.6,62,Female,135.828
143,57.3,63,Female,126.34649999999999
144,50.7,66,Female,111.79350000000001
145,61.1,63,Female,134.7255
146,86.6,67,Female,190.953
147,52.3,64,Female,115.3215
148,67.6,62,Female,149.058
149,54.9,62,Female,121.0545
150,57.1,65,Female,125.9055
151,64.4,63,Female,142.002
152,64.9,64,Female,143.10450000000003
153,59.2,62,Female,130.536
154,56.3,62,Female,124.1415
155,58.0,64,Female,127.89
156,81.0,66,Female,178.60500000000002
157,64.9,67,Female,143.10450000000003
158,65.4,69,Female,144.20700000000002
159,57.0,64,Female,125.685
160,80.5,67,Female,177.5025
161,67.1,62,Female,147.9555
162,67.3,64,Female,148.3965
163,55.0,65,Female,121.275
164,70.8,65,Female,156.114
165,53.8,66,Female,118.62899999999999
166,77.1,66,Female,170.00549999999998
167,60.2,62,Female,132.741
168,71.9,64,Female,158.5395
169,61.7,64,Female,136.04850000000002
170,76.1,66,Female,167.8005
171,73.9,64,Female,162.94950000000003
172,56.0,62,Female,123.48
173,64.7,65,Female,142.6635
174,72.4,65,Female,159.64200000000002
175,70.8,64,Female,156.114
176,95.3,69,Female,210.1365
177,74.8,65,Female,164.934
178,70.0,60,Female,154.35
179,65.5,63,Female,144.4275
180,49.9,60,Female,110.0295
181,55.3,63,Female,121.9365
182,92.4,70,Female,203.74200000000002
183,71.6,68,Female,157.878
184,67.6,65,Female,149.058
185,64.1,60,Female,141.3405
186,66.6,66,Female,146.85299999999998
187,66.3,65,Female,146.1915
188,76.3,67,Female,168.2415
189,71.7,64,Female,158.0985
190,64.3,62,Female,141.7815
191,59.1,64,Female,130.31550000000001
192,52.9,64,Female,116.6445
193,69.4,64,Female,153.02700000000002
194,69.9,64,Female,154.1295
195,59.2,61,Female,130.536
196,54.0,65,Female,119.07000000000001
197,70.1,67,Female,154.57049999999998
198,68.1,67,Female,150.16049999999998
199,86.4,67,Female,190.51200000000003
200,67.2,66,Female,148.17600000000002
201,55.9,64,Female,123.2595
202,56.6,64,Female,124.80300000000001
203,58.5,64,Female,128.9925
204,62.8,59,Female,138.474
205,46.7,62,Female,102.97350000000002
206,59.9,63,Female,132.0795
207,64.2,67,Female,141.561
208,81.3,64,Female,179.2665
209,71.9,68,Female,158.5395
210,54.8,62,Female,120.834
211,48.5,60,Female,106.94250000000001
212,65.8,64,Female,145.089
213,75.3,66,Female,166.0365
214,63.6,64,Female,140.238
215,75.2,68,Female,165.816
216,75.5,68,Female,166.4775
217,46.9,66,Female,103.4145
218,53.7,63,Female,118.4085
219,75.8,69,Female,167.139
220,67.9,62,Female,149.7195
221,68.4,64,Female,150.82200000000003
222,67.7,62,Female,149.2785
223,61.7,66,Female,136.04850000000002
224,71.7,65,Female,158.0985
225,64.2,65,Female,141.561
226,74.0,72,Female,163.17000000000002
227,79.2,66,Female,174.63600000000002
228,58.1,66,Female,128.1105
229,72.7,61,Female,160.3035
230,70.4,66,Female,155.23200000000003
231,65.3,64,Female,143.9865
232,72.5,68,Female,159.8625
233,72.1,65,Female,158.9805
234,56.1,67,Female,123.7005
235,58.3,62,Female,128.5515
236,67.7,64,Female,149.2785
237,57.6,60,Female,127.00800000000001
238,55.9,66,Female,123.2595
239,46.8,61,Female,103.194
240,56.7,65,Female,125.02350000000001
241,82.0,67,Female,180.81
242,66.4,59,Female,146.412
243,62.6,61,Female,138.03300000000002
244,65.3,62,Female,143.9865
245,53.9,63,Female,118.8495
246,75.0,62,Female,165.375
247,70.4,63,Female,155.23200000000003
248,67.5,62,Female,148.8375
249,64.0,62,Female,141.12
250,47.0,61,Female,103.635
251,50.2,63,Female,110.69100000000002
252,59.7,61,Female,131.63850000000002
253,64.6,63,Female,142.44299999999998
254,72.6,64,Female,160.083
255,63.1,67,Female,139.1355
256,63.1,63,Female,139.1355
257,66.0,64,Female,145.53
258,78.9,66,Female,173.9745
259,53.1,65,Female,117.08550000000001
260,70.8,63,Female,156.114
261,62.5,63,Female,137.8125
262,68.0,64,Female,149.94
263,73.4,63,Female,161.847
264,68.8,63,Female,151.704
265,84.0,68,Female,185.22
266,64.7,64,Female,142.6635
267,56.1,65,Female,123.7005
268,73.5,63,Female,162.0675
269,73.3,64,Female,161.6265
270,60.5,69,Female,133.4025
271,72.2,80,Female,159.20100000000002
272,90.8,71,Female,200.214
273,76.0,67,Female,167.58
274,60.6,65,Female,133.62300000000002
275,57.3,63,Female,126.34649999999999
276,60.2,63,Female,132.741
277,66.9,64,Female,147.51450000000003
278,82.9,64,Female,182.79450000000003
279,76.5,68,Female,168.6825
280,67.1,65,Female,147.9555
281,58.9,60,Female,129.8745
282,61.5,66,Female,135.60750000000002
283,52.9,64,Female,116.6445
284,84.7,66,Female,186.76350000000002
285,59.6,65,Female,131.418
286,66.6,67,Female,146.85299999999998
287,67.6,66,Female,149.058
288,65.8,65,Female,145.089
289,59.6,65,Female,131.418
290,73.5,64,Female,162.0675
291,55.6,60,Female,122.59800000000001
292,56.1,64,Female,123.7005
293,56.0,66,Female,123.48
294,87.1,64,Female,192.0555
295,73.6,59,Female,162.28799999999998
296,61.3,64,Female,135.16649999999998
297,50.5,63,Female,111.3525
298,82.3,67,Female,181.4715
299,56.1,62,Female,123.7005
300,75.4,64,Female,166.257
301,59.3,66,Female,130.7565
302,69.5,63,Female,153.2475
303,82.0,63,Female,180.81
304,58.3,64,Female,128.5515
305,92.0,69,Female,202.86
306,84.1,62,Female,185.4405
307,84.2,62,Female,185.661
308,66.0,64,Female,145.53
309,89.6,69,Female,197.56799999999998
310,84.2,67,Female,185.661
311,84.5,70,Female,186.32250000000002
312,59.6,62,Female,131.418
313,68.8,67,Female,151.704
314,69.0,66,Female,152.145
315,74.8,62,Female,164.934
316,69.9,66,Female,154.1295
317,69.1,62,Female,152.3655
318,56.6,62,Female,124.80300000000001
319,69.9,64,Female,154.1295
320,46.8,63,Female,103.194
321,70.1,62,Female,154.57049999999998
322,83.2,63,Female,183.45600000000002
323,78.9,66,Female,173.9745
324,59.2,64,Female,130.536
325,58.3,66,Female,128.5515
326,74.6,64,Female,164.493
327,42.8,59,Female,94.374
328,85.3,68,Female,188.0865
329,66.4,68,Female,146.412
330,57.7,59,Female,127.22850000000001
331,56.5,62,Female,124.58250000000001
332,71.4,69,Female,157.437
333,76.2,66,Female,168.02100000000002
334,55.6,65,Female,122.59800000000001
335,56.1,64,Female,123.7005
336,64.1,64,Female,141.3405
337,76.6,62,Female,168.903
338,70.2,66,Female,154.79100000000003
339,56.1,62,Female,123.7005
340,81.2,68,Female,179.04600000000002
341,72.5,62,Female,159.8625
342,68.6,63,Female,151.263
343,92.4,71,Female,203.74200000000002
344,66.2,63,Female,145.971
345,56.2,64,Female,123.921
346,56.4,62,Female,124.362
347,65.3,62,Female,143.9865
348,67.9,59,Female,149.7195
349,77.7,66,Female,171.32850000000002
350,63.2,64,Female,139.35600000000002
351,69.7,66,Female,153.6885
352,68.1,62,Female,150.16049999999998
353,57.0,64,Female,125.685
354,74.2,61,Female,163.61100000000002
355,58.9,66,Female,129.8745
356,75.0,63,Female,165.375
357,74.4,67,Female,164.05200000000002
358,81.5,66,Female,179.7075
359,76.5,69,Female,168.6825
360,82.7,68,Female,182.35350000000003
361,79.3,72,Female,174.8565
362,73.5,66,Female,162.0675
363,62.0,63,Female,136.71
364,65.9,64,Female,145.3095
365,70.5,65,Female,155.45250000000001
366,49.3,62,Female,108.70649999999999
367,64.3,65,Female,141.7815
368,65.4,65,Female,144.20700000000002
369,65.5,64,Female,144.4275
370,85.6,64,Female,188.748
371,63.2,69,Female,139.35600000000002
372,64.8,63,Female,142.884
373,60.4,63,Female,133.182
374,70.2,62,Female,154.79100000000003
375,65.9,63,Female,145.3095
376,77.1,64,Female,170.00549999999998
377,52.4,64,Female,115.542
378,68.5,65,Female,151.04250000000002
379,101.7,68,Female,224.2485
380,48.7,66,Female,107.38350000000001
381,82.4,66,Female,181.692
382,72.4,64,Female,159.64200000000002
383,61.7,60,Female,136.04850000000002
384,69.6,67,Female,153.468
385,75.3,66,Female,166.0365
386,78.5,65,Female,173.0925
387,81.2,70,Female,179.04600000000002
388,48.5,63,Female,106.94250000000001
389,59.5,62,Female,131.1975
390,74.0,71,Female,163.17000000000002
391,79.9,68,Female,176.17950000000002
392,64.5,66,Female,142.2225
393,72.5,64,Female,159.8625
394,60.0,66,Female,132.3
395,63.0,65,Female,138.915
396,76.2,66,Female,168.02100000000002
397,69.6,70,Female,153.468
398,81.8,67,Female,180.369
399,50.8,63,Female,112.014
400,66.5,64,Female,146.6325
401,40.0,62,Female,88.2
402,73.6,63,Female,162.28799999999998
403,77.0,67,Female,169.785
404,63.0,63,Female,138.915
405,76.1,68,Female,167.8005
406,69.0,65,Female,152.145
407,57.3,62,Female,126.34649999999999
408,61.7,63,Female,136.04850000000002
409,66.3,66,Female,146.1915
410,85.0,65,Female,187.425
411,60.1,67,Female,132.5205
412,65.5,66,Female,144.4275
413,71.6,67,Female,157.878
414,61.1,63,Female,134.7255
415,100.0,66,Female,220.5
416,79.1,62,Female,174.41549999999998
417,67.6,65,Female,149.058
418,74.0,66,Female,163.17000000000002
419,50.1,59,Female,110.4705
420,58.7,64,Female,129.4335
421,69.6,66,Female,153.468
422,59.9,64,Female,132.0795
423,80.9,68,Female,178.38450000000003
424,78.8,69,Female,173.754
425,79.7,70,Female,175.73850000000002
426,74.6,68,Female,164.493
427,74.0,66,Female,163.17000000000002
428,56.9,62,Female,125.4645
429,82.9,64,Female,182.79450000000003
430,77.0,66,Female,169.785
431,75.1,66,Female,165.5955
432,88.9,71,Female,196.02450000000002
433,66.1,63,Female,145.7505
434,84.2,69,Female,185.661
435,55.8,61,Female,123.039
436,98.3,65,Female,216.7515
437,53.5,61,Female,117.9675
438,58.1,62,Female,128.1105
439,68.4,62,Female,150.82200000000003
440,72.5,68,Female,159.8625
441,75.7,65,Female,166.91850000000002
442,73.3,64,Female,161.6265
443,70.4,69,Female,155.23200000000003
444,59.0,64,Female,130.095
445,83.5,69,Female,184.1175
446,63.5,62,Female,140.0175
447,54.6,66,Female,120.393
448,61.0,64,Female,134.505
449,82.0,65,Female,180.81
450,68.5,64,Female,151.04250000000002
451,57.4,65,Female,126.56700000000001
452,61.6,64,Female,135.828
453,67.8,66,Female,149.499
454,55.8,64,Female,123.039
455,58.8,67,Female,129.654
456,59.1,64,Female,130.31550000000001
457,51.1,62,Female,112.67550000000001
458,59.1,65,Female,130.31550000000001
459,67.1,69,Female,147.9555
460,52.2,61,Female,115.10100000000001
461,56.5,67,Female,124.58250000000001
462,77.4,62,Female,170.66700000000003
463,73.0,65,Female,160.965
464,66.9,69,Female,147.51450000000003
465,71.8,64,Female,158.319
466,59.4,64,Female,130.977
467,68.0,69,Female,149.94
468,77.9,69,Female,171.76950000000002
469,69.5,69,Female,153.2475
470,75.5,67,Female,166.4775
471,64.5,67,Female,142.2225
472,84.3,67,Female,185.8815
473,68.8,73,Female,151.704
474,64.3,66,Female,141.7815
475,68.9,69,Female,151.92450000000002
476,65.1,64,Female,143.5455
477,46.0,59,Female,101.43
478,61.0,63,Female,134.505
479,92.5,70,Female,203.9625
480,66.6,62,Female,146.85299999999998
481,82.1,71,Female,181.0305
482,59.1,66,Female,130.31550000000001
483,72.2,63,Female,159.20100000000002
484,77.0,69,Female,169.785
485,61.7,66,Female,136.04850000000002
486,68.5,65,Female,151.04250000000002
487,68.9,68,Female,151.92450000000002
488,58.7,62,Female,129.4335
489,74.2,66,Female,163.61100000000002
490,82.0,63,Female,180.81
491,55.7,63,Female,122.81850000000001
492,64.8,66,Female,142.884
493,56.6,62,Female,124.80300000000001
494,58.4,65,Female,128.772
495,59.9,75,Female,132.0795
496,78.5,66,Female,173.0925
497,65.4,62,Female,144.20700000000002
498,83.8,67,Female,184.779
499,64.4,60,Female,142.002
500,80.9,65,Female,178.38450000000003
501,67.7,65,Female,149.2785
502,84.7,69,Female,186.76350000000002
503,78.1,66,Female,172.2105
504,55.2,60,Female,121.71600000000001
505,83.2,67,Female,183.45600000000002
506,69.4,64,Female,153.02700000000002
507,78.6,63,Female,173.313
508,85.1,69,Female,187.6455
509,67.8,63,Female,149.499
510,64.5,66,Female,142.2225
511,61.8,67,Female,136.269
512,84.3,68,Female,185.8815
513,79.3,66,Female,174.8565
514,72.7,63,Female,160.3035
515,64.5,62,Female,142.2225
516,75.5,66,Female,166.4775
517,55.5,61,Female,122.3775
518,77.9,66,Female,171.76950000000002
519,76.3,70,Female,168.2415
520,78.5,64,Female,173.0925
521,71.7,64,Female,158.0985
522,67.4,68,Female,148.61700000000002
523,73.0,66,Female,160.965
524,75.4,64,Female,166.257
525,77.6,69,Female,171.108
526,81.0,66,Female,178.60500000000002
527,66.7,66,Female,147.07350000000002
528,79.1,69,Female,174.41549999999998
529,76.3,68,Female,168.2415
530,65.0,67,Female,143.32500000000002
531,51.3,62,Female,113.1165
532,59.1,64,Female,130.31550000000001
533,65.8,62,Female,145.089
534,50.4,61,Female,111.132
535,68.5,63,Female,151.04250000000002
536,62.9,65,Female,138.6945
537,56.8,66,Female,125.244
538,66.1,66,Female,145.7505
539,68.3,69,Female,150.6015
540,79.1,70,Female,174.41549999999998
541,90.7,63,Female,199.9935
542,78.3,64,Female,172.6515
543,70.9,64,Female,156.33450000000002
544,50.9,60,Female,112.2345
545,62.3,60,Female,137.3715
546,66.4,62,Female,146.412
547,92.1,67,Female,203.0805
548,67.1,63,Female,147.9555
549,54.7,63,Female,120.61350000000002
550,78.4,69,Female,172.872
551,59.0,66,Female,130.095
552,76.3,69,Female,168.2415
553,70.9,64,Female,156.33450000000002
554,70.3,65,Female,155.0115
555,58.1,66,Female,128.1105
556,59.3,69,Female,130.7565
557,75.3,63,Female,166.0365
558,66.2,64,Female,145.971
559,68.3,62,Female,150.6015
560,75.8,65,Female,167.139
561,61.3,65,Female,135.16649999999998
562,73.0,68,Female,160.965
563,70.0,68,Female,154.35
564,75.1,64,Female,165.5955
565,73.8,67,Female,162.72899999999998
566,64.2,65,Female,141.561
567,59.5,66,Female,131.1975
568,56.9,64,Female,125.4645
569,59.6,67,Female,131.418
570,63.1,64,Female,139.1355
571,58.9,64,Female,129.8745
572,74.6,66,Female,164.493
573,86.4,69,Female,190.51200000000003
574,60.8,64,Female,134.064
575,50.4,63,Female,111.132
576,54.9,62,Female,121.0545
577,53.0,62,Female,116.86500000000001
578,69.2,62,Female,152.586
579,71.3,69,Female,157.2165
580,70.5,62,Female,155.45250000000001
581,69.9,66,Female,154.1295
582,65.9,63,Female,145.3095
583,63.2,66,Female,139.35600000000002
584,69.6,60,Female,153.468
585,59.3,63,Female,130.7565
586,69.5,68,Female,153.2475
587,79.7,67,Female,175.73850000000002
588,61.9,64,Female,136.4895
589,67.7,66,Female,149.2785
590,54.4,66,Female,119.952
591,64.6,59,Female,142.44299999999998
592,88.2,68,Female,194.48100000000002
593,63.4,61,Female,139.797
594,76.5,66,Female,168.6825
595,65.4,62,Female,144.20700000000002
596,83.7,65,Female,184.5585
597,65.2,63,Female,143.76600000000002
598,62.4,62,Female,137.592
599,99.4,66,Female,219.17700000000002
600,74.8,65,Female,164.934
601,64.9,66,Female,143.10450000000003
602,54.2,66,Female,119.51100000000001
603,81.4,65,Female,179.48700000000002
604,56.3,61,Female,124.1415
605,96.7,69,Female,213.2235
606,83.7,63,Female,184.5585
607,50.2,62,Female,110.69100000000002
608,65.7,66,Female,144.8685
609,70.7,61,Female,155.89350000000002
610,66.9,61,Female,147.51450000000003
611,59.7,61,Female,131.63850000000002
612,72.0,64,Female,158.76
613,75.0,66,Female,165.375
614,67.3,63,Female,148.3965
615,78.4,66,Female,172.872
616,51.6,66,Female,113.778
617,63.0,63,Female,138.915
618,79.3,66,Female,174.8565
619,56.4,62,Female,124.362
620,68.7,62,Female,151.48350000000002
621,59.0,63,Female,130.095
622,60.3,63,Female,132.9615
623,69.9,68,Female,154.1295
624,57.3,64,Female,126.34649999999999
625,65.4,62,Female,144.20700000000002
626,60.3,66,Female,132.9615
627,77.1,63,Female,170.00549999999998
628,76.7,64,Female,169.1235
629,66.7,59,Female,147.07350000000002
630,78.3,69,Female,172.6515
631,51.8,60,Female,114.219
632,66.3,69,Female,146.1915
633,65.5,67,Female,144.4275
634,69.0,64,Female,152.145
635,68.0,66,Female,149.94
636,60.9,62,Female,134.2845
637,64.6,65,Female,142.44299999999998
638,54.0,57,Female,119.07000000000001
639,53.0,65,Female,116.86500000000001
640,78.9,63,Female,173.9745
641,43.1,60,Female,95.03550000000001
642,74.6,62,Female,164.493
643,71.2,63,Female,156.996
644,72.7,67,Female,160.3035
645,61.3,66,Female,135.16649999999998
646,57.4,62,Female,126.56700000000001
647,65.5,61,Female,144.4275
648,57.7,60,Female,127.22850000000001
649,58.5,65,Female,128.9925
650,62.7,62,Female,138.2535
651,53.5,60,Female,117.9675
652,65.2,68,Female,143.76600000000002
653,70.2,64,Female,154.79100000000003
654,93.1,73,Female,205.28549999999998
655,53.2,64,Female,117.30600000000001
656,73.5,72,Female,162.0675
657,55.7,66,Female,122.81850000000001
658,65.5,64,Female,144.4275
659,69.1,67,Female,152.3655
660,96.5,71,Female,212.7825
661,70.2,61,Female,154.79100000000003
662,52.3,60,Female,115.3215
663,66.0,63,Female,145.53
664,81.4,68,Female,179.48700000000002
665,95.2,72,Female,209.91600000000003
666,65.8,66,Female,145.089
667,50.3,62,Female,110.9115
668,54.7,61,Female,120.61350000000002
669,68.8,65,Female,151.704
670,60.4,66,Female,133.182
671,66.9,62,Female,147.51450000000003
672,59.9,63,Female,132.0795
673,61.6,63,Female,135.828
674,54.8,59,Female,120.834
675,60.4,64,Female,133.182
676,51.9,57,Female,114.4395
677,64.0,63,Female,141.12
678,66.9,67,Female,147.51450000000003
679,79.1,69,Female,174.41549999999998
680,59.8,65,Female,131.859
681,73.6,64,Female,162.28799999999998
682,82.5,65,Female,181.9125
683,75.6,68,Female,166.69799999999998
684,59.5,63,Female,131.1975
685,86.3,69,Female,190.2915
686,68.6,66,Female,151.263
687,76.3,67,Female,168.2415
688,72.5,65,Female,159.8625
689,63.9,65,Female,140.8995
690,55.9,65,Female,123.2595
691,76.4,66,Female,168.46200000000002
692,69.9,67,Female,154.1295
693,63.0,65,Female,138.915
694,60.6,67,Female,133.62300000000002
695,68.0,66,Female,149.94
696,65.4,67,Female,144.20700000000002
697,53.8,60,Female,118.62899999999999
698,73.1,66,Female,161.1855
699,76.6,66,Female,168.903
700,57.7,64,Female,127.22850000000001
701,59.8,61,Female,131.859
702,68.6,63,Female,151.263
703,70.8,65,Female,156.114
704,48.8,60,Female,107.604
705,76.6,70,Female,168.903
706,58.3,61,Female,128.5515
707,68.5,67,Female,151.04250000000002
708,58.5,63,Female,128.9925
709,71.9,63,Female,158.5395
710,64.9,68,Female,143.10450000000003
711,58.3,67,Female,128.5515
712,64.8,63,Female,142.884
713,56.4,65,Female,124.362
714,47.8,61,Female,105.399
715,59.1,66,Female,130.31550000000001
716,66.5,66,Female,146.6325
717,64.9,64,Female,143.10450000000003
718,51.2,62,Female,112.89600000000002
719,49.6,62,Female,109.36800000000001
720,74.4,64,Female,164.05200000000002
721,68.0,64,Female,149.94
722,50.6,64,Female,111.57300000000001
723,59.1,62,Female,130.31550000000001
724,71.2,66,Female,156.996
725,84.4,67,Female,186.10200000000003
726,54.7,65,Female,120.61350000000002
727,48.7,60,Female,107.38350000000001
728,61.2,65,Female,134.946
729,72.2,66,Female,159.20100000000002
730,56.7,62,Female,125.02350000000001
731,68.8,65,Female,151.704
732,54.2,63,Female,119.51100000000001
733,61.1,63,Female,134.7255
734,67.2,65,Female,148.17600000000002
735,74.9,69,Female,165.1545
736,58.5,63,Female,128.9925
737,60.5,64,Female,133.4025
738,60.1,66,Female,132.5205
739,62.1,64,Female,136.9305
740,60.9,62,Female,134.2845
741,47.0,58,Female,103.635
742,78.6,67,Female,173.313
743,72.5,67,Female,159.8625
744,51.6,62,Female,113.778
745,50.1,60,Female,110.4705
746,62.6,61,Female,138.03300000000002
747,78.7,68,Female,173.5335
748,57.2,62,Female,126.126
749,67.0,64,Female,147.735
750,53.5,65,Female,117.9675
751,63.8,62,Female,140.679
752,75.2,67,Female,165.816
753,51.9,62,Female,114.4395
754,60.2,64,Female,132.741
755,70.1,68,Female,154.57049999999998
756,78.2,64,Female,172.431
757,61.1,67,Female,134.7255
758,63.1,62,Female,139.1355
759,54.0,61,Female,119.07000000000001
760,61.9,66,Female,136.4895
761,57.7,60,Female,127.22850000000001
762,67.3,66,Female,148.3965
763,60.8,60,Female,134.064
764,90.5,66,Female,199.5525
765,68.2,66,Female,150.381
766,68.3,57,Female,150.6015
767,77.8,64,Female,171.549
768,64.8,68,Female,142.884
769,108.2,69,Female,238.58100000000002
770,87.5,70,Female,192.9375
771,78.8,66,Female,173.754
772,84.4,64,Female,186.10200000000003
773,66.7,64,Female,147.07350000000002
774,74.9,64,Female,165.1545
775,82.7,63,Female,182.35350000000003
776,69.5,65,Female,153.2475
777,69.7,67,Female,153.6885
778,52.8,65,Female,116.42399999999999
779,78.5,68,Female,173.0925
780,66.9,66,Female,147.51450000000003
781,55.6,63,Female,122.59800000000001
782,84.0,65,Female,185.22
783,83.1,68,Female,183.2355
784,73.5,66,Female,162.0675
785,76.3,64,Female,168.2415
786,63.7,63,Female,140.45850000000002
787,70.0,66,Female,154.35
788,62.6,63,Female,138.03300000000002
789,60.7,66,Female,133.8435
790,70.5,65,Female,155.45250000000001
791,68.9,63,Female,151.92450000000002
792,63.3,63,Female,139.5765
793,56.4,65,Female,124.362
794,72.9,68,Female,160.74450000000002
795,61.8,59,Female,136.269
796,61.8,66,Female,136.269
797,54.6,65,Female,120.393
798,68.6,67,Female,151.263
799,64.1,67,Female,141.3405
800,63.5,64,Female,140.0175
801,63.4,62,Female,139.797
802,68.4,66,Female,150.82200000000003
803,68.0,66,Female,149.94
804,75.1,70,Female,165.5955
805,85.1,67,Female,187.6455
806,58.2,64,Female,128.33100000000002
807,70.9,63,Female,156.33450000000002
808,66.4,63,Female,146.412
809,75.7,68,Female,166.91850000000002
810,63.2,63,Female,139.35600000000002
811,67.4,66,Female,148.61700000000002
812,60.2,62,Female,132.741
813,61.6,64,Female,135.828
814,58.4,62,Female,128.772
815,71.7,66,Female,158.0985
816,60.6,63,Female,133.62300000000002
817,64.8,65,Female,142.884
818,47.8,57,Female,105.399
819,75.1,66,Female,165.5955
820,73.9,68,Female,162.94950000000003
821,68.6,66,Female,151.263
822,62.0,63,Female,136.71
823,74.0,63,Female,163.17000000000002
824,59.8,65,Female,131.859
825,64.5,63,Female,142.2225
826,56.3,62,Female,124.1415
827,68.6,67,Female,151.263
828,69.6,68,Female,153.468
829,63.1,67,Female,139.1355
830,72.9,65,Female,160.74450000000002
831,54.8,63,Female,120.834
832,65.0,68,Female,143.32500000000002
833,70.0,68,Female,154.35
834,58.0,63,Female,127.89
835,73.8,66,Female,162.72899999999998
836,47.8,64,Female,105.399
837,58.3,64,Female,128.5515
838,84.9,67,Female,187.20450000000002
839,73.2,68,Female,161.406
840,60.9,63,Female,134.2845
841,65.4,65,Female,144.20700000000002
842,83.2,70,Female,183.45600000000002
843,59.1,61,Female,130.31550000000001
844,69.5,60,Female,153.2475
845,60.9,63,Female,134.2845
846,65.0,63,Female,143.32500000000002
847,55.0,62,Female,121.275
848,65.9,63,Female,145.3095
849,70.1,63,Female,154.57049999999998
850,68.9,64,Female,151.92450000000002
851,60.7,63,Female,133.8435
852,73.6,66,Female,162.28799999999998
853,56.4,68,Female,124.362
854,56.6,64,Female,124.80300000000001
855,68.1,65,Female,150.16049999999998
856,66.0,63,Female,145.53
857,53.6,65,Female,118.188
858,64.7,67,Female,142.6635
859,77.6,67,Female,171.108
860,56.3,64,Female,124.1415
861,67.5,66,Female,148.8375
862,60.4,66,Female,133.182
863,54.2,62,Female,119.51100000000001
864,66.4,64,Female,146.412
865,74.4,62,Female,164.05200000000002
866,62.1,67,Female,136.9305
867,58.5,56,Female,128.9925
868,81.0,69,Female,178.60500000000002
869,51.1,64,Female,112.67550000000001
870,71.7,65,Female,158.0985
871,60.7,66,Female,133.8435
872,59.1,61,Female,130.31550000000001
873,63.6,60,Female,140.238
874,71.5,64,Female,157.6575
875,57.4,67,Female,126.56700000000001
876,71.6,69,Female,157.878
877,54.0,64,Female,119.07000000000001
878,42.6,56,Female,93.933
879,58.5,63,Female,128.9925
880,82.8,68,Female,182.574
881,74.0,68,Female,163.17000000000002
882,76.5,64,Female,168.6825
883,85.2,66,Female,187.866
884,67.1,62,Female,147.9555
885,76.0,71,Female,167.58
886,69.5,67,Female,153.2475
887,75.4,66,Female,166.257
888,66.3,63,Female,146.1915
889,48.0,60,Female,105.84
890,83.0,67,Female,183.01500000000001
891,75.6,66,Female,166.69799999999998
892,78.4,66,Female,172.872
893,59.4,65,Female,130.977
894,76.6,64,Female,168.903
895,67.8,80,Female,149.499
896,51.7,61,Female,113.9985
897,66.2,64,Female,145.971
898,66.5,64,Female,146.6325
899,61.3,62,Female,135.16649999999998
900,72.9,65,Female,160.74450000000002
901,70.1,64,Female,154.57049999999998
902,42.6,59,Female,93.933
903,72.9,69,Female,160.74450000000002
904,76.1,64,Female,167.8005
905,71.9,64,Female,158.5395
906,79.4,67,Female,175.07700000000003
907,70.5,65,Female,155.45250000000001
908,72.7,63,Female,160.3035
909,60.9,63,Female,134.2845
910,80.0,63,Female,176.4
911,62.5,62,Female,137.8125
912,76.8,60,Female,169.344
913,57.8,63,Female,127.449
914,63.9,65,Female,140.8995
915,74.9,66,Female,165.1545
916,65.0,61,Female,143.32500000000002
917,63.3,66,Female,139.5765
918,52.6,61,Female,115.983
919,76.6,66,Female,168.903
920,93.4,68,Female,205.94700000000003
921,66.7,62,Female,147.07350000000002
922,62.2,64,Female,137.151
923,94.2,66,Female,207.711
924,64.1,63,Female,141.3405
925,69.2,60,Female,152.586
926,64.6,65,Female,142.44299999999998
927,52.5,62,Female,115.7625
928,49.0,64,Female,108.045
929,74.9,62,Female,165.1545
930,85.2,70,Female,187.866
931,77.2,64,Female,170.226
932,64.3,62,Female,141.7815
933,72.2,63,Female,159.20100000000002
934,69.3,62,Female,152.8065
935,73.7,68,Female,162.5085
936,72.5,67,Female,159.8625
937,81.6,67,Female,179.928
938,57.0,63,Female,125.685
939,66.0,64,Female,145.53
940,80.4,67,Female,177.282
941,85.2,67,Female,187.866
942,66.2,65,Female,145.971
943,70.6,66,Female,155.673
944,57.7,67,Female,127.22850000000001
945,52.6,64,Female,115.983
946,80.8,68,Female,178.164
947,83.4,64,Female,183.89700000000002
948,75.0,63,Female,165.375
949,61.9,63,Female,136.4895
950,67.5,66,Female,148.8375
951,70.2,65,Female,154.79100000000003
952,65.9,68,Female,145.3095
953,71.2,64,Female,156.996
954,102.8,68,Female,226.674
955,75.9,64,Female,167.35950000000003
956,65.9,62,Female,145.3095
957,64.4,61,Female,142.002
958,68.9,65,Female,151.92450000000002
959,86.3,69,Female,190.2915
960,94.9,68,Female,209.2545
961,63.0,67,Female,138.915
962,106.9,70,Female,235.71450000000002
963,63.9,65,Female,140.8995
964,68.3,62,Female,150.6015
965,63.0,65,Female,138.915
966,71.8,61,Female,158.319
967,87.4,64,Female,192.717
968,75.2,65,Female,165.816
969,85.2,64,Female,187.866
970,82.7,64,Female,182.35350000000003
971,55.9,65,Female,123.2595
972,82.1,64,Female,181.0305
973,66.3,63,Female,146.1915
974,63.8,67,Female,140.679
975,79.9,68,Female,176.17950000000002
976,58.9,61,Female,129.8745
977,76.1,63,Female,167.8005
978,67.2,59,Female,148.17600000000002
979,54.1,64,Female,119.29050000000001
980,69.7,64,Female,153.6885
981,61.6,65,Female,135.828
982,85.2,67,Female,187.866
983,58.2,66,Female,128.33100000000002
984,74.2,63,Female,163.61100000000002
985,60.9,63,Female,134.2845
986,69.0,64,Female,152.145
987,67.5,65,Female,148.8375
988,88.6,66,Female,195.363
989,65.2,62,Female,143.76600000000002
990,82.6,65,Female,182.13299999999998
991,55.6,63,Female,122.59800000000001
992,71.9,64,Female,158.5395
993,82.2,64,Female,181.251
994,96.5,67,Female,212.7825
995,62.4,64,Female,137.592
996,43.5,61,Female,95.9175
997,75.3,66,Female,166.0365
998,55.3,67,Female,121.9365
999,57.8,61,Female,127.449
1000,71.3,62,Female,157.2165
1001,77.6,66,Female,171.108
1002,65.5,63,Female,144.4275
1003,57.8,64,Female,127.449
1004,84.3,67,Female,185.8815
1005,67.0,66,Female,147.735
1006,76.4,64,Female,168.46200000000002
1007,66.3,66,Female,146.1915
1008,67.1,64,Female,147.9555
1009,70.6,67,Female,155.673
1010,63.6,63,Female,140.238
1011,64.6,67,Female,142.44299999999998
1012,65.8,65,Female,145.089
1013,78.9,64,Female,173.9745
1014,58.5,64,Female,128.9925
1015,58.9,65,Female,129.8745
1016,78.5,69,Female,173.0925
1017,67.6,59,Female,149.058
1018,86.2,66,Female,190.07100000000003
1019,60.5,62,Female,133.4025
1020,95.0,67,Female,209.475
1021,64.9,66,Female,143.10450000000003
1022,61.6,64,Female,135.828
1023,71.5,63,Female,157.6575
1024,76.5,64,Female,168.6825
1025,65.2,64,Female,143.76600000000002
1026,77.3,71,Female,170.4465
1027,73.4,66,Female,161.847
1028,54.9,65,Female,121.0545
1029,80.2,70,Female,176.841
1030,69.5,64,Female,153.2475
1031,64.7,69,Female,142.6635
1032,65.7,63,Female,144.8685
1033,87.1,64,Female,192.0555
1034,58.0,66,Female,127.89
1035,79.6,67,Female,175.518
1036,76.1,60,Female,167.8005
1037,57.6,65,Female,127.00800000000001
1038,87.0,63,Female,191.835
1039,76.6,64,Female,168.903
1040,54.8,60,Female,120.834
1041,82.6,66,Female,182.13299999999998
1042,65.1,68,Female,143.5455
1043,57.0,61,Female,125.685
1044,71.9,61,Female,158.5395
1045,72.6,65,Female,160.083
1046,71.6,65,Female,157.878
1047,83.2,66,Female,183.45600000000002
1048,60.4,66,Female,133.182
1049,76.4,71,Female,168.46200000000002
1050,93.4,72,Female,205.94700000000003
1051,57.3,70,Female,126.34649999999999
1052,58.2,63,Female,128.33100000000002
1053,55.3,65,Female,121.9365
1054,69.8,62,Female,153.909
1055,64.0,62,Female,141.12
1056,59.0,65,Female,130.095
1057,60.4,61,Female,133.182
1058,66.6,61,Female,146.85299999999998
1059,67.0,69,Female,147.735
1060,63.3,64,Female,139.5765
1061,61.8,63,Female,136.269
1062,64.5,63,Female,142.2225
1063,58.2,65,Female,128.33100000000002
1064,79.6,65,Female,175.518
1065,60.9,66,Female,134.2845
1066,82.3,68,Female,181.4715
1067,56.7,61,Female,125.02350000000001
1068,51.0,66,Female,112.455
1069,60.1,68,Female,132.5205
1070,71.6,65,Female,157.878
1071,68.1,63,Female,150.16049999999998
1072,94.0,66,Female,207.27
1073,68.6,69,Female,151.263
1074,67.1,64,Female,147.9555
1075,68.9,69,Female,151.92450000000002
1076,78.6,68,Female,173.313
1077,70.4,67,Female,155.23200000000003
1078,50.4,62,Female,111.132
1079,59.8,67,Female,131.859
1080,76.0,68,Female,167.58
1081,78.0,66,Female,171.99
1082,71.2,62,Female,156.996
1083,66.5,65,Female,146.6325
1084,73.5,67,Female,162.0675
1085,54.4,61,Female,119.952
1086,67.8,63,Female,149.499
1087,64.8,64,Female,142.884
1088,66.3,63,Female,146.1915
1089,77.9,64,Female,171.76950000000002
1090,70.2,65,Female,154.79100000000003
1091,59.2,63,Female,130.536
1092,56.3,61,Female,124.1415
1093,92.7,67,Female,204.4035
1094,80.1,66,Female,176.6205
1095,77.2,65,Female,170.226
1096,70.4,66,Female,155.23200000000003
1097,59.0,63,Female,130.095
1098,64.0,63,Female,141.12
1099,84.2,66,Female,185.661
1100,54.6,61,Female,120.393
1101,71.5,62,Female,157.6575
1102,57.5,59,Female,126.78750000000001
1103,52.2,61,Female,115.10100000000001
1104,72.5,66,Female,159.8625
1105,51.7,66,Female,113.9985
1106,63.1,66,Female,139.1355
1107,53.7,63,Female,118.4085
1108,59.7,64,Female,131.63850000000002
1109,60.7,64,Female,133.8435
1110,57.7,60,Female,127.22850000000001
1111,49.9,58,Female,110.0295
1112,68.7,65,Female,151.48350000000002
1113,68.0,63,Female,149.94
1114,63.2,63,Female,139.35600000000002
1115,77.6,66,Female,171.108
1116,63.8,64,Female,140.679
1117,78.3,69,Female,172.6515
1118,60.2,64,Female,132.741
1119,77.1,67,Female,170.00549999999998
1120,61.7,65,Female,136.04850000000002
1121,46.2,60,Female,101.87100000000001
1122,59.1,65,Female,130.31550000000001
1123,57.4,62,Female,126.56700000000001
1124,62.1,65,Female,136.9305
1125,61.8,63,Female,136.269
1126,51.8,61,Female,114.219
1127,63.1,62,Female,139.1355
1128,65.3,63,Female,143.9865
1129,64.6,66,Female,142.44299999999998
1130,56.9,62,Female,125.4645
1131,66.1,66,Female,145.7505
1132,59.8,63,Female,131.859
1133,53.3,66,Female,117.5265
1134,75.5,68,Female,166.4775
1135,70.2,65,Female,154.79100000000003
1136,65.5,64,Female,144.4275
1137,64.4,64,Female,142.002
1138,68.0,67,Female,149.94
1139,71.5,67,Female,157.6575
1140,49.9,61,Female,110.0295
1141,52.3,64,Female,115.3215
1142,74.0,70,Female,163.17000000000002
1143,75.0,66,Female,165.375
1144,60.4,63,Female,133.182
1145,43.0,59,Female,94.815
1146,75.0,63,Female,165.375
1147,71.6,63,Female,157.878
1148,72.3,65,Female,159.4215
1149,76.5,65,Female,168.6825
1150,66.0,68,Female,145.53
1151,60.0,64,Female,132.3
1152,69.5,65,Female,153.2475
1153,63.7,62,Female,140.45850000000002
1154,60.2,61,Female,132.741
1155,81.5,67,Female,179.7075
1156,77.3,67,Female,170.4465
1157,53.7,63,Female,118.4085
1158,67.2,63,Female,148.17600000000002
1159,69.8,69,Female,153.909
1160,80.9,66,Female,178.38450000000003
1161,72.2,68,Female,159.20100000000002
1162,63.0,63,Female,138.915
1163,65.4,64,Female,144.20700000000002
1164,48.4,59,Female,106.722
1165,65.3,62,Female,143.9865
1166,66.9,67,Female,147.51450000000003
1167,66.8,65,Female,147.294
1168,67.2,62,Female,148.17600000000002
1169,59.7,63,Female,131.63850000000002
1170,65.8,65,Female,145.089
1171,65.7,69,Female,144.8685
1172,68.1,65,Female,150.16049999999998
1173,89.4,70,Female,197.127
1174,64.3,60,Female,141.7815
1175,85.7,66,Female,188.9685
1176,56.0,62,Female,123.48
1177,61.3,59,Female,135.16649999999998
1178,66.2,66,Female,145.971
1179,71.9,70,Female,158.5395
1180,58.6,64,Female,129.213
1181,57.6,63,Female,127.00800000000001
1182,56.0,64,Female,123.48
1183,61.6,62,Female,135.828
1184,53.3,62,Female,117.5265
1185,67.8,65,Female,149.499
1186,77.6,67,Female,171.108
1187,65.8,61,Female,145.089
1188,66.6,64,Female,146.85299999999998
1189,54.9,64,Female,121.0545
1190,53.9,61,Female,118.8495
1191,81.4,63,Female,179.48700000000002
1192,61.1,64,Female,134.7255
1193,77.7,67,Female,171.32850000000002
1194,72.5,65,Female,159.8625
1195,66.4,62,Female,146.412
1196,80.6,67,Female,177.72299999999998
1197,52.2,63,Female,115.10100000000001
1198,47.8,61,Female,105.399
1199,84.5,67,Female,186.32250000000002
1200,68.5,63,Female,151.04250000000002
1201,64.6,66,Female,142.44299999999998
1202,67.9,67,Female,149.7195
1203,50.9,61,Female,112.2345
1204,74.5,70,Female,164.2725
1205,67.0,68,Female,147.735
1206,57.3,63,Female,126.34649999999999
1207,59.7,67,Female,131.63850000000002
1208,66.5,66,Female,146.6325
1209,50.5,60,Female,111.3525
1210,74.9,66,Female,165.1545
1211,75.6,66,Female,166.69799999999998
1212,63.4,63,Female,139.797
1213,76.8,65,Female,169.344
1214,80.4,64,Female,177.282
1215,76.2,67,Female,168.02100000000002
1216,52.6,65,Female,115.983
1217,65.3,67,Female,143.9865
1218,72.6,63,Female,160.083
1219,55.7,63,Female,122.81850000000001
1220,59.9,66,Female,132.0795
1221,75.9,65,Female,167.35950000000003
1222,60.7,63,Female,133.8435
1223,66.9,64,Female,147.51450000000003
1224,69.7,66,Female,153.6885
1225,61.4,62,Female,135.387
1226,74.2,67,Female,163.61100000000002
1227,67.1,63,Female,147.9555
1228,57.7,64,Female,127.22850000000001
1229,80.3,65,Female,177.0615
1230,63.4,68,Female,139.797
1231,68.1,66,Female,150.16049999999998
1232,73.4,64,Female,161.847
1233,67.2,65,Female,148.17600000000002
1234,66.2,64,Female,145.971
1235,70.3,68,Female,155.0115
1236,70.9,69,Female,156.33450000000002
1237,58.6,69,Female,129.213
1238,49.3,61,Female,108.70649999999999
1239,73.3,65,Female,161.6265
1240,99.6,71,Female,219.618
1241,64.8,63,Female,142.884
1242,72.9,66,Female,160.74450000000002
1243,90.2,65,Female,198.89100000000002
1244,75.4,62,Female,166.257
1245,65.4,62,Female,144.20700000000002
1246,70.8,63,Female,156.114
1247,64.7,61,Female,142.6635
1248,63.1,63,Female,139.1355
1249,66.6,67,Female,146.85299999999998
1250,66.7,65,Female,147.07350000000002
1251,49.7,62,Female,109.58850000000001
1252,55.8,62,Female,123.039
1253,92.1,67,Female,203.0805
1254,69.5,67,Female,153.2475
1255,56.3,60,Female,124.1415
1256,60.3,64,Female,132.9615
1257,64.7,64,Female,142.6635
1258,64.2,59,Female,141.561
1259,70.1,65,Female,154.57049999999998
1260,58.3,63,Female,128.5515
1261,84.3,67,Female,185.8815
1262,69.6,64,Female,153.468
1263,73.5,65,Female,162.0675
1264,47.0,64,Female,103.635
1265,60.8,65,Female,134.064
1266,51.5,63,Female,113.5575
1267,71.7,66,Female,158.0985
1268,88.9,70,Female,196.02450000000002
1269,53.2,61,Female,117.30600000000001
1270,74.7,66,Female,164.7135
1271,62.2,63,Female,137.151
1272,57.4,63,Female,126.56700000000001
1273,56.5,63,Female,124.58250000000001
1274,64.6,62,Female,142.44299999999998
1275,52.9,64,Female,116.6445
1276,64.8,62,Female,142.884
1277,75.1,67,Female,165.5955
1278,74.0,66,Female,163.17000000000002
1279,75.8,67,Female,167.139
1280,55.4,65,Female,122.157
1281,85.2,64,Female,187.866
1282,81.4,62,Female,179.48700000000002
1283,82.4,68,Female,181.692
1284,50.3,60,Female,110.9115
1285,60.7,60,Female,133.8435
1286,69.2,67,Female,152.586
1287,64.0,61,Female,141.12
1288,65.0,64,Female,143.32500000000002
1289,58.0,69,Female,127.89
1290,60.1,62,Female,132.5205
1291,60.1,63,Female,132.5205
1292,66.4,64,Female,146.412
1293,70.3,67,Female,155.0115
1294,61.6,63,Female,135.828
1295,65.4,63,Female,144.20700000000002
1296,58.9,61,Female,129.8745
1297,52.4,65,Female,115.542
1298,70.6,66,Female,155.673
1299,67.6,65,Female,149.058
1300,62.3,60,Female,137.3715
1301,62.8,62,Female,138.474
1302,50.3,64,Female,110.9115
1303,59.9,64,Female,132.0795
1304,50.8,59,Female,112.014
1305,52.0,60,Female,114.66
1306,83.1,68,Female,183.2355
1307,62.2,62,Female,137.151
1308,70.6,64,Female,155.673
1309,66.7,67,Female,147.07350000000002
1310,73.0,64,Female,160.965
1311,84.2,69,Female,185.661
1312,54.9,61,Female,121.0545
1313,60.9,66,Female,134.2845
1314,67.0,63,Female,147.735
1315,71.1,64,Female,156.7755
1316,65.5,64,Female,144.4275
1317,77.1,66,Female,170.00549999999998
1318,66.8,64,Female,147.294
1319,70.7,67,Female,155.89350000000002
1320,75.7,65,Female,166.91850000000002
1321,85.7,70,Female,188.9685
1322,67.8,67,Female,149.499
1323,63.0,65,Female,138.915
1324,74.5,68,Female,164.2725
1325,56.4,68,Female,124.362
1326,72.1,66,Female,158.9805
1327,64.6,61,Female,142.44299999999998
1328,44.4,61,Female,97.902
1329,59.1,60,Female,130.31550000000001
1330,69.6,66,Female,153.468
1331,44.5,58,Female,98.1225
1332,72.6,70,Female,160.083
1333,70.7,62,Female,155.89350000000002
1334,64.3,67,Female,141.7815
1335,65.4,63,Female,144.20700000000002
1336,62.6,63,Female,138.03300000000002
1337,73.6,65,Female,162.28799999999998
1338,85.3,70,Female,188.0865
1339,75.0,64,Female,165.375
1340,79.7,64,Female,175.73850000000002
1341,83.7,68,Female,184.5585
1342,59.0,63,Female,130.095
1343,51.2,64,Female,112.89600000000002
1344,62.1,64,Female,136.9305
1345,81.0,66,Female,178.60500000000002
1346,61.4,65,Female,135.387
1347,54.4,63,Female,119.952
1348,60.3,64,Female,132.9615
1349,79.2,67,Female,174.63600000000002
1350,61.8,60,Female,136.269
1351,60.3,60,Female,132.9615
1352,88.5,66,Female,195.1425
1353,84.2,67,Female,185.661
1354,79.8,64,Female,175.959
1355,63.4,66,Female,139.797
1356,56.1,65,Female,123.7005
1357,77.4,60,Female,170.66700000000003
1358,73.0,64,Female,160.965
1359,85.0,67,Female,187.425
1360,64.3,61,Female,141.7815
1361,50.5,60,Female,111.3525
1362,72.9,65,Female,160.74450000000002
1363,83.5,65,Female,184.1175
1364,46.3,62,Female,102.0915
1365,80.2,63,Female,176.841
1366,95.1,66,Female,209.69549999999998
1367,58.2,69,Female,128.33100000000002
1368,70.3,60,Female,155.0115
1369,101.9,67,Female,224.6895
1370,64.5,64,Female,142.2225
1371,72.1,61,Female,158.9805
1372,66.1,62,Female,145.7505
1373,58.9,65,Female,129.8745
1374,52.8,64,Female,116.42399999999999
1375,62.3,64,Female,137.3715
1376,89.6,67,Female,197.56799999999998
1377,83.3,63,Female,183.6765
1378,91.6,66,Female,201.97799999999998
1379,67.7,63,Female,149.2785
1380,53.5,64,Female,117.9675
1381,71.2,64,Female,156.996
1382,52.7,62,Female,116.2035
1383,72.1,64,Female,158.9805
1384,58.9,66,Female,129.8745
1385,73.1,65,Female,161.1855
1386,62.0,64,Female,136.71
1387,69.5,63,Female,153.2475
1388,62.0,63,Female,136.71
1389,66.9,66,Female,147.51450000000003
1390,54.3,62,Female,119.7315
1391,64.8,66,Female,142.884
1392,62.5,66,Female,137.8125
1393,64.3,65,Female,141.7815
1394,73.6,64,Female,162.28799999999998
1395,82.4,71,Female,181.692
1396,70.1,59,Female,154.57049999999998
1397,69.9,62,Female,154.1295
1398,75.4,62,Female,166.257
1399,64.7,62,Female,142.6635
1400,66.6,64,Female,146.85299999999998
1401,83.1,69,Female,183.2355
1402,63.2,62,Female,139.35600000000002
1403,74.6,70,Female,164.493
1404,58.9,62,Female,129.8745
1405,64.3,64,Female,141.7815
1406,70.5,64,Female,155.45250000000001
1407,76.0,66,Female,167.58
1408,68.0,67,Female,149.94
1409,69.5,69,Female,153.2475
1410,86.8,67,Female,191.394
1411,65.3,66,Female,143.9865
1412,80.4,62,Female,177.282
1413,67.3,62,Female,148.3965
1414,51.6,62,Female,113.778
1415,52.6,60,Female,115.983
1416,91.4,65,Female,201.537
1417,91.9,65,Female,202.63950000000003
1418,75.7,67,Female,166.91850000000002
1419,71.7,62,Female,158.0985
1420,73.8,65,Female,162.72899999999998
1421,76.9,67,Female,169.5645
1422,69.2,64,Female,152.586
1423,60.9,66,Female,134.2845
1424,59.6,64,Female,131.418
1425,74.0,66,Female,163.17000000000002
1426,80.4,62,Female,177.282
1427,93.4,66,Female,205.94700000000003
1428,56.8,61,Female,125.244
1429,62.6,65,Female,138.03300000000002
1430,73.8,67,Female,162.72899999999998
1431,80.8,71,Female,178.164
1432,62.4,61,Female,137.592
1433,77.5,67,Female,170.88750000000002
1434,63.1,63,Female,139.1355
1435,87.5,60,Female,192.9375
1436,65.0,65,Female,143.32500000000002
1437,65.0,68,Female,143.32500000000002
1438,63.8,62,Female,140.679
1439,64.2,65,Female,141.561
1440,69.8,66,Female,153.909
1441,83.1,63,Female,183.2355
1442,96.2,67,Female,212.121
1443,93.0,68,Female,205.065
1444,48.9,62,Female,107.8245
1445,53.6,62,Female,118.188
1446,62.9,66,Female,138.6945
1447,51.0,65,Female,112.455
1448,65.4,62,Female,144.20700000000002
1449,58.8,60,Female,129.654
1450,65.0,64,Female,143.32500000000002
1451,67.9,65,Female,149.7195
1452,71.9,65,Female,158.5395
1453,92.0,65,Female,202.86
1454,61.8,63,Female,136.269
1455,71.2,65,Female,156.996
1456,64.3,63,Female,141.7815
1457,79.3,63,Female,174.8565
1458,57.5,60,Female,126.78750000000001
1459,68.6,62,Female,151.263
1460,68.8,63,Female,151.704
1461,77.8,64,Female,171.549
1462,76.5,67,Female,168.6825
1463,59.0,64,Female,130.095
1464,62.6,65,Female,138.03300000000002
1465,90.8,73,Female,200.214
1466,50.0,64,Female,110.25
1467,68.8,67,Female,151.704
1468,56.7,61,Female,125.02350000000001
1469,62.2,67,Female,137.151
1470,70.7,66,Female,155.89350000000002
1471,68.5,63,Female,151.04250000000002
1472,57.1,65,Female,125.9055
1473,84.6,62,Female,186.543
1474,61.8,66,Female,136.269
1475,67.2,66,Female,148.17600000000002
1476,69.2,63,Female,152.586
1477,46.9,62,Female,103.4145
1478,67.4,67,Female,148.61700000000002
1479,52.9,63,Female,116.6445
1480,64.4,63,Female,142.002
1481,81.9,67,Female,180.58950000000002
1482,68.3,68,Female,150.6015
1483,58.2,69,Female,128.33100000000002
1484,53.2,63,Female,117.30600000000001
1485,70.3,64,Female,155.0115
1486,80.7,66,Female,177.9435
1487,56.9,63,Female,125.4645
1488,50.4,62,Female,111.132
1489,74.3,64,Female,163.8315
1490,64.8,64,Female,142.884
1491,65.2,64,Female,143.76600000000002
1492,54.8,62,Female,120.834
1493,56.1,60,Female,123.7005
1494,66.3,64,Female,146.1915
1495,57.7,64,Female,127.22850000000001
1496,79.0,66,Female,174.195
1497,67.1,62,Female,147.9555
1498,69.1,64,Female,152.3655
1499,77.3,69,Female,170.4465
1500,62.2,63,Female,137.151
1501,62.0,62,Female,136.71
1502,69.1,65,Female,152.3655
1503,62.6,62,Female,138.03300000000002
1504,58.7,63,Female,129.4335
1505,69.4,68,Female,153.02700000000002
1506,64.7,65,Female,142.6635
1507,62.1,64,Female,136.9305
1508,69.8,64,Female,153.909
1509,65.6,66,Female,144.648
1510,60.2,67,Female,132.741
1511,74.3,67,Female,163.8315
1512,74.4,65,Female,164.05200000000002
1513,63.3,63,Female,139.5765
1514,62.1,63,Female,136.9305
1515,46.7,57,Female,102.97350000000002
1516,63.9,61,Female,140.8995
1517,57.9,59,Female,127.6695
1518,70.8,64,Female,156.114
1519,69.8,68,Female,153.909
1520,65.4,64,Female,144.20700000000002
1521,54.2,59,Female,119.51100000000001
1522,59.3,63,Female,130.7565
1523,49.7,57,Female,109.58850000000001
1524,52.6,61,Female,115.983
1525,48.0,60,Female,105.84
1526,55.7,64,Female,122.81850000000001
1527,72.4,64,Female,159.64200000000002
1528,66.1,65,Female,145.7505
1529,79.4,61,Female,175.07700000000003
1530,57.2,62,Female,126.126
1531,78.5,70,Female,173.0925
1532,67.6,64,Female,149.058
1533,53.0,64,Female,116.86500000000001
1534,77.7,67,Female,171.32850000000002
1535,52.4,61,Female,115.542
1536,60.1,67,Female,132.5205
1537,55.9,65,Female,123.2595
1538,53.0,65,Female,116.86500000000001
1539,57.8,61,Female,127.449
1540,64.4,62,Female,142.002
1541,69.3,66,Female,152.8065
1542,84.9,70,Female,187.20450000000002
1543,60.7,64,Female,133.8435
1544,62.3,64,Female,137.3715
1545,60.1,67,Female,132.5205
1546,51.6,61,Female,113.778
1547,50.5,77,Female,111.3525
1548,53.2,60,Female,117.30600000000001
1549,56.6,60,Female,124.80300000000001
1550,73.2,64,Female,161.406
1551,57.6,66,Female,127.00800000000001
1552,80.7,66,Female,177.9435
1553,62.2,62,Female,137.151
1554,72.6,67,Female,160.083
1555,71.1,66,Female,156.7755
1556,57.2,62,Female,126.126
1557,62.3,64,Female,137.3715
1558,60.2,64,Female,132.741
1559,80.5,67,Female,177.5025
1560,56.1,63,Female,123.7005
1561,52.0,69,Female,114.66
1562,57.8,61,Female,127.449
1563,58.0,63,Female,127.89
1564,61.2,61,Female,134.946
1565,58.5,63,Female,128.9925
1566,87.5,64,Female,192.9375
1567,77.3,72,Female,170.4465
1568,75.5,68,Female,166.4775
1569,67.8,64,Female,149.499
1570,88.8,68,Female,195.804
1571,66.5,65,Female,146.6325
1572,58.0,59,Female,127.89
1573,66.5,66,Female,146.6325
1574,64.9,64,Female,143.10450000000003
1575,67.3,63,Female,148.3965
1576,74.4,64,Female,164.05200000000002
1577,57.6,66,Female,127.00800000000001
1578,73.5,60,Female,162.0675
1579,63.6,64,Female,140.238
1580,43.2,61,Female,95.25600000000001
1581,74.7,64,Female,164.7135
1582,66.9,67,Female,147.51450000000003
1583,82.6,66,Female,182.13299999999998
1584,57.8,60,Female,127.449
1585,63.7,65,Female,140.45850000000002
1586,75.8,62,Female,167.139
1587,59.4,64,Female,130.977
1588,87.2,66,Female,192.276
1589,69.3,62,Female,152.8065
1590,50.0,62,Female,110.25
1591,56.7,62,Female,125.02350000000001
1592,58.9,61,Female,129.8745
1593,64.0,62,Female,141.12
1594,68.3,65,Female,150.6015
1595,56.6,63,Female,124.80300000000001
1596,63.2,70,Female,139.35600000000002
1597,59.1,63,Female,130.31550000000001
1598,76.0,70,Female,167.58
1599,66.4,66,Female,146.412
1600,65.8,61,Female,145.089
1601,71.0,63,Female,156.555
1602,55.1,62,Female,121.4955
1603,59.3,62,Female,130.7565
1604,66.1,66,Female,145.7505
1605,65.8,65,Female,145.089
1606,63.4,61,Female,139.797
1607,48.0,63,Female,105.84
1608,66.0,68,Female,145.53
1609,60.1,64,Female,132.5205
1610,54.6,64,Female,120.393
1611,116.6,68,Female,257.103
1612,79.3,66,Female,174.8565
1613,45.4,61,Female,100.107
1614,49.9,64,Female,110.0295
1615,35.8,59,Female,78.939
1616,70.0,66,Female,154.35
1617,77.0,70,Female,169.785
1618,64.9,63,Female,143.10450000000003
1619,55.0,63,Female,121.275
1620,87.5,68,Female,192.9375
1621,76.8,67,Female,169.344
1622,76.3,64,Female,168.2415
1623,65.0,67,Female,143.32500000000002
1624,55.5,62,Female,122.3775
1625,75.5,66,Female,166.4775
1626,54.8,66,Female,120.834
1627,70.5,65,Female,155.45250000000001
1628,54.8,63,Female,120.834
1629,76.3,66,Female,168.2415
1630,78.4,67,Female,172.872
1631,69.8,68,Female,153.909
1632,65.0,65,Female,143.32500000000002
1633,79.4,64,Female,175.07700000000003
1634,89.7,65,Female,197.7885
1635,52.5,66,Female,115.7625
1636,77.2,61,Female,170.226
1637,65.7,66,Female,144.8685
1638,53.7,62,Female,118.4085
1639,66.7,60,Female,147.07350000000002
1640,83.3,70,Female,183.6765
1641,59.9,61,Female,132.0795
1642,64.9,63,Female,143.10450000000003
1643,78.8,63,Female,173.754
1644,75.2,64,Female,165.816
1645,64.3,62,Female,141.7815
1646,61.3,66,Female,135.16649999999998
1647,84.7,75,Female,186.76350000000002
1648,68.7,63,Female,151.48350000000002
1649,69.7,67,Female,153.6885
1650,60.2,67,Female,132.741
1651,63.1,62,Female,139.1355
1652,95.2,64,Female,209.91600000000003
1653,51.3,65,Female,113.1165
1654,69.4,67,Female,153.02700000000002
1655,50.9,60,Female,112.2345
1656,52.0,62,Female,114.66
1657,88.9,70,Female,196.02450000000002
1658,78.5,70,Female,173.0925
1659,67.8,63,Female,149.499
1660,64.4,64,Female,142.002
1661,65.7,66,Female,144.8685
1662,66.1,63,Female,145.7505
1663,92.5,71,Female,203.9625
1664,61.1,62,Female,134.7255
1665,61.1,67,Female,134.7255
1666,79.7,66,Female,175.73850000000002
1667,68.2,67,Female,150.381
1668,48.9,62,Female,107.8245
1669,66.9,62,Female,147.51450000000003
1670,61.7,60,Female,136.04850000000002
1671,70.6,63,Female,155.673
1672,61.1,64,Female,134.7255
1673,66.2,65,Female,145.971
1674,53.2,61,Female,117.30600000000001
1675,61.6,67,Female,135.828
1676,73.7,65,Female,162.5085
1677,65.7,68,Female,144.8685
1678,67.1,68,Female,147.9555
1679,83.1,62,Female,183.2355
1680,86.6,67,Female,190.953
1681,105.4,69,Female,232.407
1682,92.0,66,Female,202.86
1683,61.7,59,Female,136.04850000000002
1684,77.2,63,Female,170.226
1685,77.7,70,Female,171.32850000000002
1686,80.2,63,Female,176.841
1687,95.3,73,Female,210.1365
1688,87.0,67,Female,191.835
1689,73.0,67,Female,160.965
1690,87.7,68,Female,193.3785
1691,82.3,67,Female,181.4715
1692,83.1,67,Female,183.2355
1693,59.9,77,Female,132.0795
1694,72.5,67,Female,159.8625
1695,63.0,68,Female,138.915
1696,62.3,64,Female,137.3715
1697,82.1,65,Female,181.0305
1698,62.4,65,Female,137.592
1699,56.7,64,Female,125.02350000000001
1700,67.5,64,Female,148.8375
1701,62.3,66,Female,137.3715
1702,64.4,68,Female,142.002
1703,62.6,62,Female,138.03300000000002
1704,71.3,62,Female,157.2165
1705,63.0,65,Female,138.915
1706,82.0,66,Female,180.81
1707,76.2,64,Female,168.02100000000002
1708,69.7,66,Female,153.6885
1709,91.0,70,Female,200.655
1710,80.1,67,Female,176.6205
1711,68.3,64,Female,150.6015
1712,76.9,69,Female,169.5645
1713,60.1,62,Female,132.5205
1714,82.1,64,Female,181.0305
1715,84.2,65,Female,185.661
1716,79.1,67,Female,174.41549999999998
1717,57.5,59,Female,126.78750000000001
1718,56.8,65,Female,125.244
1719,72.0,66,Female,158.76
1720,52.1,62,Female,114.88050000000001
1721,68.9,64,Female,151.92450000000002
1722,65.2,68,Female,143.76600000000002
1723,82.7,66,Female,182.35350000000003
1724,66.2,64,Female,145.971
1725,71.5,66,Female,157.6575
1726,97.3,69,Female,214.5465
1727,45.0,62,Female,99.22500000000001
1728,50.4,63,Female,111.132
1729,57.7,66,Female,127.22850000000001
1730,56.2,58,Female,123.921
1731,72.8,68,Female,160.524
1732,72.2,67,Female,159.20100000000002
1733,56.0,66,Female,123.48
1734,82.4,70,Female,181.692
1735,82.5,68,Female,181.9125
1736,99.5,66,Female,219.3975
1737,98.8,63,Female,217.854
1738,81.5,64,Female,179.7075
1739,72.3,62,Female,159.4215
1740,73.6,64,Female,162.28799999999998
1741,69.8,70,Female,153.909
1742,76.6,67,Female,168.903
1743,65.1,64,Female,143.5455
1744,51.8,62,Female,114.219
1745,54.9,63,Female,121.0545
1746,57.6,64,Female,127.00800000000001
1747,58.3,60,Female,128.5515
1748,67.0,65,Female,147.735
1749,63.1,65,Female,139.1355
1750,62.7,64,Female,138.2535
1751,67.6,65,Female,149.058
1752,53.4,63,Female,117.747
1753,74.8,66,Female,164.934
1754,64.4,66,Female,142.002
1755,67.7,64,Female,149.2785
1756,62.0,63,Female,136.71
1757,53.6,63,Female,118.188
1758,59.9,63,Female,132.0795
1759,64.4,63,Female,142.002
1760,53.6,64,Female,118.188
1761,88.2,61,Female,194.48100000000002
1762,64.6,66,Female,142.44299999999998
1763,66.2,60,Female,145.971
1764,69.8,64,Female,153.909
1765,67.7,63,Female,149.2785
1766,58.6,65,Female,129.213
1767,52.6,60,Female,115.983
1768,56.4,62,Female,124.362
1769,76.5,69,Female,168.6825
1770,87.1,69,Female,192.0555
1771,68.2,69,Female,150.381
1772,62.9,66,Female,138.6945
1773,56.8,67,Female,125.244
1774,68.0,67,Female,149.94
1775,66.9,71,Female,147.51450000000003
1776,71.2,64,Female,156.996
1777,78.1,66,Female,172.2105
1778,67.5,62,Female,148.8375
1779,66.3,64,Female,146.1915
1780,79.3,66,Female,174.8565
1781,60.4,62,Female,133.182
1782,73.2,66,Female,161.406
1783,71.2,62,Female,156.996
1784,72.2,68,Female,159.20100000000002
1785,61.0,61,Female,134.505
1786,81.7,70,Female,180.1485
1787,79.9,64,Female,176.17950000000002
1788,60.2,62,Female,132.741
1789,58.4,64,Female,128.772
1790,60.1,65,Female,132.5205
1791,83.4,68,Female,183.89700000000002
1792,97.3,61,Female,214.5465
1793,55.7,61,Female,122.81850000000001
1794,55.3,67,Female,121.9365
1795,52.6,64,Female,115.983
1796,61.4,66,Female,135.387
1797,89.4,67,Female,197.127
1798,89.3,69,Female,196.9065
1799,70.2,69,Female,154.79100000000003
1800,73.8,68,Female,162.72899999999998
1801,60.1,68,Female,132.5205
1802,78.2,62,Female,172.431
1803,44.2,60,Female,97.46100000000001
1804,47.6,63,Female,104.95800000000001
1805,64.2,62,Female,141.561
1806,73.7,65,Female,162.5085
1807,77.6,67,Female,171.108
1808,62.0,64,Female,136.71
1809,64.6,62,Female,142.44299999999998
1810,69.7,66,Female,153.6885
1811,72.4,68,Female,159.64200000000002
1812,69.7,69,Female,153.6885
1813,62.0,66,Female,136.71
1814,88.4,60,Female,194.92200000000003
1815,71.2,59,Female,156.996
1816,68.4,62,Female,150.82200000000003
1817,62.3,62,Female,137.3715
1818,61.4,64,Female,135.387
1819,55.1,64,Female,121.4955
1820,112.1,67,Female,247.1805
1821,74.9,67,Female,165.1545
1822,70.9,64,Female,156.33450000000002
1823,58.8,66,Female,129.654
1824,87.6,69,Female,193.158
1825,59.7,63,Female,131.63850000000002
1826,68.0,61,Female,149.94
1827,70.7,62,Female,155.89350000000002
1828,68.6,69,Female,151.263
1829,62.4,62,Female,137.592
1830,61.0,65,Female,134.505
1831,58.2,64,Female,128.33100000000002
1832,48.9,61,Female,107.8245
1833,69.6,66,Female,153.468
1834,79.5,68,Female,175.2975
1835,60.0,60,Female,132.3
1836,64.0,62,Female,141.12
1837,71.2,62,Female,156.996
1838,47.5,61,Female,104.7375
1839,73.5,62,Female,162.0675
1840,54.6,64,Female,120.393
1841,56.2,64,Female,123.921
1842,58.2,60,Female,128.33100000000002
1843,81.2,71,Female,179.04600000000002
1844,51.8,64,Female,114.219
1845,52.3,64,Female,115.3215
1846,75.6,67,Female,166.69799999999998
1847,67.4,70,Female,148.61700000000002
1848,55.2,66,Female,121.71600000000001
1849,69.0,64,Female,152.145
1850,63.6,67,Female,140.238
1851,64.1,66,Female,141.3405
1852,70.1,65,Female,154.57049999999998
1853,79.3,65,Female,174.8565
1854,66.0,63,Female,145.53
1855,93.1,68,Female,205.28549999999998
1856,66.1,63,Female,145.7505
1857,51.0,64,Female,112.455
1858,68.6,67,Female,151.263
1859,83.9,69,Female,184.9995
1860,65.2,61,Female,143.76600000000002
1861,92.0,66,Female,202.86
1862,66.7,67,Female,147.07350000000002
1863,46.4,59,Female,102.312
1864,62.7,64,Female,138.2535
1865,59.3,70,Female,130.7565
1866,50.8,64,Female,112.014
1867,72.7,67,Female,160.3035
1868,58.3,61,Female,128.5515
1869,66.9,70,Female,147.51450000000003
1870,84.2,68,Female,185.661
1871,60.1,63,Female,132.5205
1872,60.9,63,Female,134.2845
1873,68.7,60,Female,151.48350000000002
1874,54.9,63,Female,121.0545
1875,45.2,59,Female,99.66600000000001
1876,83.5,68,Female,184.1175
1877,64.1,62,Female,141.3405
1878,58.8,63,Female,129.654
1879,56.3,62,Female,124.1415
1880,70.2,63,Female,154.79100000000003
1881,77.9,66,Female,171.76950000000002
1882,62.6,58,Female,138.03300000000002
1883,99.2,66,Female,218.73600000000002
1884,62.6,63,Female,138.03300000000002
1885,71.3,64,Female,157.2165
1886,52.8,62,Female,116.42399999999999
1887,55.2,62,Female,121.71600000000001
1888,62.2,60,Female,137.151
1889,61.2,64,Female,134.946
1890,52.9,67,Female,116.6445
1891,74.8,64,Female,164.934
1892,58.2,62,Female,128.33100000000002
1893,79.0,70,Female,174.195
1894,61.8,65,Female,136.269
1895,71.6,64,Female,157.878
1896,69.2,70,Female,152.586
1897,63.5,62,Female,140.0175
1898,70.4,66,Female,155.23200000000003
1899,66.8,66,Female,147.294
1900,53.5,64,Female,117.9675
1901,61.5,64,Female,135.60750000000002
1902,75.1,65,Female,165.5955
1903,54.6,64,Female,120.393
1904,69.5,65,Female,153.2475
1905,77.3,64,Female,170.4465
1906,75.1,66,Female,165.5955
1907,70.0,64,Female,154.35
1908,50.2,64,Female,110.69100000000002
1909,71.7,69,Female,158.0985
1910,64.4,62,Female,142.002
1911,107.2,70,Female,236.376
1912,94.0,66,Female,207.27
1913,76.4,63,Female,168.46200000000002
1914,89.7,65,Female,197.7885
1915,77.7,63,Female,171.32850000000002
1916,49.7,61,Female,109.58850000000001
1917,66.2,67,Female,145.971
1918,69.6,66,Female,153.468
1919,84.4,65,Female,186.10200000000003
1920,64.7,66,Female,142.6635
1921,78.0,64,Female,171.99
1922,77.3,67,Female,170.4465
1923,73.4,66,Female,161.847
1924,69.5,63,Female,153.2475
1925,70.7,66,Female,155.89350000000002
1926,93.6,65,Female,206.388
1927,85.7,62,Female,188.9685
1928,57.3,59,Female,126.34649999999999
1929,67.6,69,Female,149.058
1930,85.5,68,Female,188.5275
1931,54.9,64,Female,121.0545
1932,58.8,67,Female,129.654
1933,71.5,62,Female,157.6575
1934,58.0,62,Female,127.89
1935,69.7,68,Female,153.6885
1936,68.5,67,Female,151.04250000000002
1937,58.6,60,Female,129.213
1938,84.2,63,Female,185.661
1939,90.9,66,Female,200.4345
1940,104.7,69,Female,230.86350000000002
1941,66.3,66,Female,146.1915
1942,76.6,65,Female,168.903
1943,71.5,67,Female,157.6575
1944,59.1,62,Female,130.31550000000001
1945,66.5,62,Female,146.6325
1946,67.6,61,Female,149.058
1947,79.2,64,Female,174.63600000000002
1948,65.2,60,Female,143.76600000000002
1949,75.3,70,Female,166.0365
1950,51.7,62,Female,113.9985
1951,86.5,70,Female,190.73250000000002
1952,73.2,64,Female,161.406
1953,74.1,64,Female,163.3905
1954,90.6,70,Female,199.773
1955,84.5,67,Female,186.32250000000002
1956,63.1,62,Female,139.1355
1957,89.8,72,Female,198.009
1958,97.0,70,Female,213.88500000000002
1959,66.3,64,Female,146.1915
1960,59.4,62,Female,130.977
1961,65.7,63,Female,144.8685
1962,78.6,63,Female,173.313
1963,52.0,62,Female,114.66
1964,64.1,64,Female,141.3405
1965,79.8,64,Female,175.959
1966,74.0,64,Female,163.17000000000002
1967,64.1,67,Female,141.3405
1968,80.3,66,Female,177.0615
1969,71.4,60,Female,157.437
1970,92.4,69,Female,203.74200000000002
1971,66.8,62,Female,147.294
1972,67.8,67,Female,149.499
1973,57.7,68,Female,127.22850000000001
1974,68.7,68,Female,151.48350000000002
1975,75.8,65,Female,167.139
1976,65.2,62,Female,143.76600000000002
1977,69.9,64,Female,154.1295
1978,47.4,61,Female,104.517
1979,55.8,63,Female,123.039
1980,76.8,68,Female,169.344
1981,83.2,67,Female,183.45600000000002
1982,71.7,63,Female,158.0985
1983,76.2,66,Female,168.02100000000002
1984,63.2,63,Female,139.35600000000002
1985,61.0,66,Female,134.505
